,catid,coid,phesid,type,logarithm_p,r_chronotype,p_chronotype,i,true_catid
0,3,1677-0.0,1677,,0.042383268,0.000710451,0.907019725,0,3
1,3,1777-0.0,1777,,3.821967474,-0.023050158,0.000150672,1,3
2,3,1787-0.0,1787,,0.069339449,0.00113147,0.852433583,2,3
3,3,1767-0.0,1767,,1.210334385,0.011368687,0.061612044,3,3
4,3,1697-0.0,1697,,0.641058414,-0.007324435,0.22852914,4,3
5,3,1687-0.0,1687,,4.488393409,-0.025271737,3.25E-05,5,3
6,3,20022-0.0,20022,,0.43502084,0.005484183,0.367264677,6,3
7,3,130-0.0,130,,3.539717669,-0.022049159,0.000288591,7,3
8,3,129-0.0,129,,0.331670675,0.004434894,0.465939281,8,3
9,10,728-0.0,728,,3.434815685,-0.021666681,0.000367438,9,10
10,10,738-0.0,738,,0.396737307,-0.005107264,0.401109265,10,10
11,10,26427-0.0,26427,,0.833146495,0.008824458,0.146843087,11,10
12,10,26417-0.0,26417,,5.852732454,0.029339603,1.40E-06,12,10
13,10,22702-0.0,22702,,0.358309359,-0.004715322,0.438218433,13,10
14,10,24008-0.0,24008,,0.367652998,0.004811947,0.428891068,14,10
15,10,20074-0.0,20074,,0.148447613,-0.002257962,0.710480867,15,10
16,10,20075-0.0,20075,,0.414141176,-0.005280213,0.38535307,16,10
17,10,709-0.0,709,,0.836414404,-0.008848565,0.145742292,17,10
18,10,26416-0.0,26416,,5.688345325,0.028877588,2.05E-06,18,10
19,10,24502-0.0,24502,,0.265650178,-0.003705154,0.542437645,19,10
20,10,20111-0.0,20111#4,4,0.436931307,-0.005502661,0.365652623,20,10
21,10,20111-0.0,20111#101,101,0.052921783,0.000877647,0.885275034,21,10
22,10,20111-0.0,20111#11,11,0.35196719,0.004649231,0.444664859,22,10
23,10,22704-0.0,22704,,0.233007645,-0.003323682,0.584779789,23,10
24,10,20111-0.0,20111#10,10,0.087248533,-0.001399768,0.817996541,24,10
25,10,777-0.0,777,,0.253174098,-0.0035611,0.558246362,25,10
26,10,20111-0.0,20111#6,6,0.101560681,0.001608211,0.791478858,26,10
27,10,20111-0.0,20111#1,1,0.408364859,-0.005223114,0.390512681,27,10
28,10,20111-0.0,20111#12,12,0.93491593,0.009556119,0.116167347,28,10
29,10,20111-0.0,20111#13,13,0.139699747,-0.002140311,0.724936977,29,10
30,10,20111-0.0,20111#3,3,0.115457815,-0.001805874,0.766552996,30,10
31,10,24014-0.0,24014,,0.001776518,-3.11E-05,0.995917771,31,10
32,10,24003-0.0,24003,,9.963082768,0.039243222,1.09E-10,32,10
33,10,24007-0.0,24007,,6.047868702,0.029879404,8.96E-07,33,10
34,10,24005-0.0,24005,,1.914604835,0.01524902,0.012172931,34,10
35,10,24508-0.0,24508,,0.47457444,-0.005860674,0.335293829,35,10
36,10,26410-0.0,26410,,6.412987773,0.030865737,3.86E-07,36,10
37,10,26411-0.0,26411,,6.691180709,0.031597882,2.04E-07,37,10
38,10,26412-0.0,26412,,3.258348142,0.021009446,0.000551635,38,10
39,10,26413-0.0,26413,,4.369951678,0.024890029,4.27E-05,39,10
40,10,26414-0.0,26414,,2.038917314,0.01585459,0.009142873,40,10
41,10,2139-0.0,2139,,1.868825246,-0.015021052,0.013526167,41,10
42,10,2946-0.0,2946,,1.408591134,-0.01255337,0.039030927,42,10
43,10,3659-0.0,3659,,0.500644648,0.006102188,0.315758719,43,10
44,10,24501-0.0,24501,,2.060544221,0.015958023,0.008698729,44,10
45,10,24004-0.0,24004,,9.53361496,0.038322863,2.93E-10,45,10
46,10,24500-0.0,24500,,7.903535021,-0.034618107,1.25E-08,46,10
47,10,24019-0.0,24019,,7.011344975,0.03242125,9.74E-08,47,10
48,10,24018-0.0,24018,,10.43774525,0.040236906,3.65E-11,48,10
49,10,24017-0.0,24017,,10.69193001,0.040759447,2.03E-11,49,10
50,10,24016-0.0,24016,,9.817859206,0.03893434,1.52E-10,50,10
51,10,24012-0.0,24012,,1.847520593,0.014914007,0.014206249,51,10
52,10,24011-0.0,24011,,0.431048816,0.005445669,0.370639058,52,10
53,10,26415-0.0,26415,,0.651831489,-0.007413346,0.222929998,53,10
54,10,24010-0.0,24010,,1.294288069,0.01188103,0.050782249,54,10
55,10,20111-0.0,20111#9,9,2.337344589,-0.01723628,0.004598915,55,10
56,10,24006-0.0,24006,,7.335186867,0.033234514,4.62E-08,56,10
57,10,24020-0.0,24020,,0.874968896,0.009129812,0.133361694,57,10
58,10,20111-0.0,20111#8,8,1.251753431,-0.011623524,0.056007549,58,10
59,10,20110-0.0,20110#2,2,0.290865938,-0.003990093,0.51183981,59,10
60,10,20111-0.0,20111#100,100,1.20984545,0.011365654,0.061681446,60,10
61,10,24503-0.0,24503,,5.094669238,-0.027148691,8.04E-06,61,10
62,10,20118_12.0,20118_12.0,12,0.032244342,0.000546245,0.92844388,62,10
63,10,20118_16.0,20118_16.0,16,0.688236958,-0.007709247,0.205004334,63,10
64,10,20118_13.0,20118_13.0,13,0.364180852,-0.004776143,0.432333758,64,10
65,10,20118_11.0,20118_11.0,11,0.359229728,0.004724878,0.437290731,65,10
66,10,20118_8.0,20118_8.0,8,1.006989788,-0.010052296,0.098403424,66,10
67,10,20118_7.0,20118_7.0,7,3.517347225,-0.02196809,0.000303845,67,10
68,10,20118_6.0,20118_6.0,6,0.530068827,-0.006368867,0.295074155,68,10
69,10,2395_4.0,2395_4.0,4,0.476355467,-0.005877337,0.333921616,69,10
70,10,2395_3.0,2395_3.0,3,0.296008721,0.00404723,0.505814505,70,10
71,10,20110-0.0,20110#101,101,0.135145151,-0.002078435,0.732579647,71,10
72,10,2395_2.0,2395_2.0,2,0.001796497,3.15E-05,0.995871957,72,10
73,10,680_6.0,680_6.0,6,0.200312856,0.002925893,0.63050298,73,10
74,10,680_5.0,680_5.0,5,0.233107165,0.003324868,0.584645801,74,10
75,10,680_4.0,680_4.0,4,0.471606535,0.005832855,0.337593025,75,10
76,10,680_3.0,680_3.0,3,1.154474497,0.011018279,0.070068933,76,10
77,10,680_2.0,680_2.0,2,11.09487912,0.04157484,8.04E-12,77,10
78,10,680_1.0,680_1.0,1,13.97753053,-0.047009611,1.05E-14,78,10
79,10,670_4.0,670_4.0,4,0.177016102,-0.002631852,0.665248492,79,10
80,10,2395_1.0,2395_1.0,1,2.336152996,0.017230947,0.004611551,80,10
81,10,670_3.0,670_3.0,3,0.323461941,-0.004346943,0.4748299,81,10
82,10,670_2.0,670_2.0,2,5.594716683,0.028611349,2.54E-06,82,10
83,10,20118_5.0,20118_5.0,5,2.801426531,0.019217336,0.001579696,83,10
84,10,10877-0.0,10877,,0.546362396,-0.006513979,0.284208854,84,10
85,10,2149-0.0,2149,,10.00116073,0.039323826,9.97E-11,85,10
86,10,2237-0.0,2237,,20.72141256,0.057800646,1.90E-21,86,10
87,10,20110-0.0,20110#4,4,0.544231686,-0.006495104,0.285606649,87,10
88,10,20111-0.0,20111#2,2,0.718400265,-0.007949321,0.191249247,88,10
89,10,24507-0.0,24507,,8.442131191,-0.035882521,3.61E-09,89,10
90,10,1031-0.0,1031,,1.648894798,0.013884722,0.022444255,90,10
91,10,1883-0.0,1883,,0.342368166,-0.004548408,0.454602515,91,10
92,10,26428-0.0,26428,,0.150034529,0.00227914,0.707889501,92,10
93,10,26429-0.0,26429,,0.315246013,0.004258161,0.483898179,93,10
94,10,26430-0.0,26430,,0.182992224,0.002708171,0.656157014,94,10
95,10,26431-0.0,26431,,0.218406283,-0.003148076,0.604774842,95,10
96,10,26432-0.0,26432,,1.048028892,0.010327432,0.08953052,96,10
97,10,26433-0.0,26433,,0.369521318,-0.004831163,0.427049956,97,10
98,10,26434-0.0,26434,,0.643399733,0.007343812,0.227300435,98,10
99,10,24015-0.0,24015,,0.10646847,0.001678534,0.782585019,99,10
100,10,24013-0.0,24013,,0.501575481,0.006110719,0.315082672,100,10
101,10,1873-0.0,1873,,1.361340749,-0.012278783,0.04351703,101,10
102,10,24009-0.0,24009,,0.179598508,-0.002664908,0.661304522,102,10
103,10,10740-0.0,10740,,0.820304043,0.008729309,0.1512502,103,10
104,10,5057-0.0,5057,,0.353268822,-0.004662829,0.443334142,104,10
105,10,4674-0.0,4674,,0.198367657,-0.002901692,0.633333329,105,10
106,10,3669-0.0,3669,,0.008746075,0.000152008,0.980062845,106,10
107,10,2405-0.0,2405,,7.579315438,-0.033835383,2.63E-08,107,10
108,10,2385-0.0,2385,,0.048090713,0.00080143,0.895177767,108,10
109,10,2375-0.0,2375,,0.025313895,-0.000432017,0.943378785,109,10
110,10,20111-0.0,20111#5,5,1.00548611,-0.010042117,0.098744722,110,10
111,10,24506-0.0,24506,,11.70644561,-0.04278372,1.97E-12,111,10
112,10,3526-0.0,3526,,0.485884553,-0.005966074,0.32667466,112,10
113,10,24504-0.0,24504,,0.644963911,0.00735674,0.22648325,113,10
114,10,20107-0.0,20107#101,101,1.143036728,0.010945539,0.071938814,114,10
115,10,20107-0.0,20107#12,12,0.101149634,-0.001602295,0.792228325,115,10
116,10,10860-0.0,10860#2,2,0.208656308,0.003028996,0.618505679,116,10
117,10,20107-0.0,20107#9,9,0.670426895,0.007565351,0.213586159,117,10
118,10,20107-0.0,20107#3,3,0.788261206,-0.008488944,0.162831639,118,10
119,10,20107-0.0,20107#4,4,0.483702106,-0.005945811,0.32832042,119,10
120,10,20107-0.0,20107#6,6,0.272505534,0.003783426,0.53394247,120,10
121,10,20107-0.0,20107#13,13,0.376306328,-0.00490066,0.420429975,121,10
122,10,20107-0.0,20107#8,8,0.290570791,0.003986804,0.512187776,122,10
123,10,20107-0.0,20107#1,1,0.317049614,0.004277716,0.481892743,123,10
124,10,20110-0.0,20110#100,100,0.387466134,-0.005014,0.409764061,124,10
125,10,24505-0.0,24505,,1.072631883,-0.010489953,0.084599562,125,10
126,10,6160-0.0,6160#2,2,26.61796209,0.065820552,2.41E-27,126,10
127,10,20107-0.0,20107#10,10,0.072317214,-0.001176682,0.846608815,127,10
128,10,6160-0.0,6160#1,1,2.763483475,-0.019061987,0.001723918,128,10
129,10,6146-0.0,6146#3,3,0.024277604,0.000414794,0.945632513,129,10
130,10,6146-0.0,6146#1,1,0.100154641,-0.001587957,0.794045446,130,10
131,10,6139-0.0,6139#3,3,1.199314735,-0.011300184,0.063195371,131,10
132,10,6139-0.0,6139#2,2,0.196665696,-0.002880467,0.635820175,132,10
133,10,6139-0.0,6139#1,1,1.751629479,0.014424376,0.017716198,133,10
134,10,6139-0.0,6139#100,100,0.328032969,-0.00439601,0.469858439,134,10
135,10,6142-0.0,6142#7,7,1.987378195,0.015605845,0.010294892,135,10
136,10,20107-0.0,20107#100,100,0.177328985,-0.002635863,0.664769392,136,10
137,10,20110-0.0,20110#8,8,1.163293077,0.011074128,0.068660494,137,10
138,10,20110-0.0,20110#1,1,0.010585092,0.000183591,0.975921551,138,10
139,10,20110-0.0,20110#11,11,0.172502757,-0.002573792,0.672198042,139,10
140,10,10722-0.0,10722#4,4,0.044402516,0.000742756,0.902812335,140,10
141,10,10722-0.0,10722#5,5,0.069820475,0.00113879,0.851489948,141,10
142,10,10722-0.0,10722#2,2,0.518509299,0.006264824,0.303033541,142,10
143,10,10722-0.0,10722#100,100,0.203101091,-0.002960473,0.626468024,143,10
144,10,10722-0.0,10722#3,3,0.83459203,-0.008835127,0.146355137,144,10
145,10,10721-0.0,10721#1,1,1.791906543,-0.014631627,0.01614706,145,10
146,10,10860-0.0,10860#1,1,0.050419538,-0.00083826,0.890390385,146,10
147,10,10721-0.0,10721#6,6,0.033531714,-0.000567283,0.925695785,147,10
148,10,10721-0.0,10721#2,2,0.613868586,-0.007097173,0.243294008,148,10
149,10,10721-0.0,10721#3,3,0.070512857,0.001149316,0.850133524,149,10
150,10,10721-0.0,10721#100,100,0.370040494,0.004836497,0.426539746,150,10
151,10,10114-0.0,10114,,0.641139052,0.007325103,0.228486712,151,10
152,10,10105-0.0,10105,,0.009414207,0.000163497,0.978556245,152,10
153,10,6160-0.0,6160#4,4,0.030877475,0.000523846,0.931370601,153,10
154,10,6160-0.0,6160#3,3,3.230221748,-0.020903015,0.000588543,154,10
155,10,6160-0.0,6160#5,5,2.69499399,0.018778784,0.002018394,155,10
156,10,10722-0.0,10722#1,1,1.03036234,0.010209622,0.093247599,156,10
157,10,10860-0.0,10860#100,100,0.74695482,0.008172565,0.179079214,157,10
158,10,20107-0.0,20107#11,11,0.568780821,-0.006710792,0.269910127,158,10
159,10,10860-0.0,10860#3,3,0.000770025,-1.35E-05,0.998228523,159,10
160,10,20110-0.0,20110#3,3,0.343153975,0.004556698,0.453780704,160,10
161,10,20110-0.0,20110#9,9,0.533065986,0.006395694,0.293044796,161,10
162,10,20110-0.0,20110#12,12,2.345552106,0.017272976,0.004512819,162,10
163,10,6142-0.0,6142#100,100,0.840050697,0.008875338,0.144527105,163,10
164,10,6142-0.0,6142#4,4,8.628354863,0.03630995,2.35E-09,164,10
165,10,20107-0.0,20107#2,2,0.834673596,-0.008835729,0.146327652,165,10
166,10,6142-0.0,6142#5,5,2.509002492,0.017990605,0.003097402,166,10
167,10,6141-0.0,6141#7,7,0.008593488,-0.000149381,0.980407246,167,10
168,10,6141-0.0,6141#3,3,0.340741383,0.004531224,0.456308561,168,10
169,10,6141-0.0,6141#4,4,2.462637379,0.017789521,0.003446376,169,10
170,10,6141-0.0,6141#8,8,1.644258938,0.013859982,0.022685119,170,10
171,10,6141-0.0,6141#2,2,0.32537208,0.004367475,0.472746062,171,10
172,10,6141-0.0,6141#1,1,15.13676463,-0.049030092,7.30E-16,172,10
173,10,6140-0.0,6140#4,4,0.12969127,-0.002003771,0.74183741,173,10
174,10,6140-0.0,6140#6,6,0.317323696,0.004280685,0.481588717,174,10
175,10,6140-0.0,6140#2,2,0.21388103,0.003092992,0.611109409,175,10
176,10,6141-0.0,6141#6,6,0.010840609,0.000187969,0.975347535,176,10
177,10,6145-0.0,6145#1,1,3.704938136,0.022639902,0.00019727,177,10
178,10,20110-0.0,20110#6,6,0.151806515,0.002302729,0.705007091,178,10
179,10,6142-0.0,6142#6,6,0.209953935,-0.00304493,0.616660406,179,10
180,10,1845-0.0,1845,,0.736508336,-0.008091335,0.183438996,180,10
181,10,1807-0.0,1807,,0.078240412,-0.001265892,0.835140581,181,10
182,10,767-0.0,767,,0.182812864,-0.002705889,0.656428058,182,10
183,10,699-0.0,699,,2.34253985,-0.017259515,0.004544228,183,10
184,10,189-0.0,189,,9.11576584,0.03740661,7.66E-10,184,10
185,10,6-0.0,6,,0.489024866,0.005995168,0.324321048,185,10
186,10,5-0.0,5,,2.301187334,0.017073836,0.004998189,186,10
187,10,4-0.0,4,,2.343125033,0.017262131,0.004538109,187,10
188,10,3-0.0,3,,5.71153762,0.028943186,1.94E-06,188,10
189,10,670_1.0,670_1.0,1,5.436758895,-0.028156906,3.66E-06,189,10
190,10,6140-0.0,6140#5,5,0.770703393,-0.008355384,0.169549537,190,10
191,10,20110-0.0,20110#10,10,0.120794508,0.001880599,0.757191084,191,10
192,10,6145-0.0,6145#5,5,1.219461602,0.0114252,0.060330705,192,10
193,10,6145-0.0,6145#100,100,6.313755241,-0.030600611,4.86E-07,193,10
194,10,6140-0.0,6140#1,1,0.454664464,0.005672731,0.35102297,194,10
195,10,6142-0.0,6142#3,3,1.107822287,0.010719384,0.078014928,195,10
196,10,6142-0.0,6142#1,1,1.494797208,0.013042976,0.032003892,196,10
197,10,6138-0.0,6138#2,2,2.374921034,0.017403753,0.004217732,197,10
198,10,6138-0.0,6138#4,4,0.648311404,0.007384364,0.224744254,198,10
199,10,6138-0.0,6138#3,3,4.527333832,0.025396092,2.97E-05,199,10
200,10,4501-0.0,4501,,1.072375883,0.010488271,0.084649445,200,10
201,10,2159-0.0,2159,,3.857583363,0.023173722,0.000138809,201,10
202,10,1835-0.0,1835,,6.534698075,0.031188035,2.92E-07,202,10
203,10,1797-0.0,1797,,4.499732366,0.025308005,3.16E-05,203,10
204,10,6138-0.0,6138#1,1,1.848111352,-0.014916984,0.014186937,204,10
205,10,6160-0.0,6160#100,100,1.676579212,-0.014031753,0.021058178,205,10
206,10,6140-0.0,6140#3,3,0.304369344,-0.004139436,0.496170176,206,10
207,10,6140-0.0,6140#100,100,0.235617828,0.00335474,0.581275705,207,10
208,10,20110-0.0,20110#5,5,0.367671154,0.004812134,0.428873138,208,10
209,10,6146-0.0,6146#2,2,0.457452229,0.005699235,0.348776947,209,10
210,10,6146-0.0,6146#100,100,0.487730555,-0.005983186,0.32528905,210,10
211,10,6145-0.0,6145#4,4,0.623801227,-0.007180677,0.23779284,211,10
212,10,6145-0.0,6145#2,2,3.707726194,0.022649753,0.000196008,212,10
213,10,6145-0.0,6145#6,6,10.80457845,0.040988972,1.57E-11,213,10
214,10,6142-0.0,6142#2,2,6.554938179,-0.03124133,2.79E-07,214,10
215,10,6145-0.0,6145#3,3,0.642087422,0.007332955,0.227988309,215,10
216,11,1001-0.0,1001,,0.808793466,0.008643457,0.155312544,216,11
217,11,1150_2.0,1150_2.0,2,0.043255634,-0.000724424,0.905199627,217,11
218,11,796-0.0,796,,1.291948489,-0.011866973,0.051056555,218,11
219,11,1150_3.0,1150_3.0,3,2.26586458,0.016913885,0.005421699,219,11
220,11,1080-0.0,1080,,7.874388158,0.034548429,1.34E-08,220,11
221,11,6143-0.0,6143#1,1,0.12224371,-0.00190078,0.754668616,221,11
222,11,874-0.0,874,,18.4477272,-0.054397692,3.57E-19,222,11
223,11,1140-0.0,1140,,0.616775696,0.007121671,0.241670869,223,11
224,11,1210-0.0,1210,,4.880274727,0.026498873,1.32E-05,224,11
225,11,1011-0.0,1011,,2.303960604,-0.017086341,0.004966374,225,11
226,11,6143-0.0,6143#2,2,0.596035654,-0.006945814,0.253492051,226,11
227,11,6143-0.0,6143#3,3,0.661791208,0.007494988,0.217875698,227,11
228,11,806-0.0,806,,6.740833251,-0.031726889,1.82E-07,228,11
229,11,1021-0.0,1021,,0.046454188,0.000775448,0.898557373,229,11
230,11,845-0.0,845,,2.968263939,0.019887954,0.001075811,230,11
231,11,864-0.0,864,,46.08788262,-0.08723225,8.17E-47,231,11
232,11,826-0.0,826,,0.413272973,-0.00527165,0.386124205,232,11
233,11,904-0.0,904,,24.5747304,-0.063155764,2.66E-25,233,11
234,11,924-0.0,924,,15.12903999,-0.049016898,7.43E-16,234,11
235,11,943-0.0,943,,3.206723965,-0.020813733,0.000621264,235,11
236,11,971-0.0,971,,9.917227983,-0.039145944,1.21E-10,236,11
237,11,981-0.0,981,,1.504727457,-0.013098474,0.031280418,237,11
238,11,991-0.0,991,,1.302080805,-0.011927761,0.049879167,238,11
239,11,1150_1.0,1150_1.0,1,0.104973834,0.001657178,0.785282945,239,11
240,11,1070-0.0,1070,,8.552121318,0.036135557,2.80E-09,240,11
241,11,6143-0.0,6143#100,100,0.127803133,-0.001977774,0.745069639,241,11
242,11,6143-0.0,6143#4,4,0.430443594,-0.005439789,0.371155932,242,11
243,11,816-0.0,816,,1.70395034,-0.014175939,0.019771957,243,11
244,11,6164-0.0,6164#3,3,0.00030995,-5.44E-06,0.999286569,244,11
245,11,6164-0.0,6164#5,5,3.914894912,-0.023371327,0.000121648,245,11
246,11,1200-0.0,1200,,2.402170226,-0.017524357,0.003961227,246,11
247,11,6164-0.0,6164#4,4,0.067508583,0.001103549,0.856034794,247,11
248,11,2634-0.0,2634,,2.866099647,0.019479663,0.001361132,248,11
249,11,1120-0.0,1120,,6.119154311,0.030074347,7.60E-07,249,11
250,11,2624-0.0,2624,,0.552085475,-0.006564531,0.280488155,250,11
251,11,1190-0.0,1190,,1.58826166,-0.013558363,0.025807049,251,11
252,11,3426-0.0,3426,,0.414561125,-0.005284353,0.384980626,252,11
253,11,1220-0.0,1220,,0.015161525,-0.000261632,0.965691648,253,11
254,11,3637-0.0,3637,,3.829459825,-0.023076201,0.000148095,254,11
255,11,884-0.0,884,,31.03013367,-0.071237918,9.33E-32,255,11
256,11,10953-0.0,10953,,0.14356877,0.002192537,0.718507375,256,11
257,11,1110-0.0,1110,,3.626492824,0.022361153,0.000236324,257,11
258,11,1100-0.0,1100,,23.27948779,0.061407235,5.25E-24,258,11
259,11,1090-0.0,1090,,0.336390191,-0.004485126,0.460903291,259,11
260,11,104920-0.0,104920,,0.274605951,-0.003807285,0.531366351,260,11
261,11,1170-0.0,1170,,inf,-0.442364925,0,261,11
262,11,6164-0.0,6164#100,100,8.034992048,0.034930726,9.23E-09,262,11
263,11,894-0.0,894,,7.16588296,-0.032811713,6.83E-08,263,11
264,11,6164-0.0,6164#1,1,21.11152979,-0.058364879,7.74E-22,264,11
265,11,914-0.0,914,,2.175224771,-0.016497561,0.006679981,265,11
266,11,6162-0.0,6162#3,3,0.090612277,0.001449219,0.811685379,266,11
267,11,6162-0.0,6162#4,4,2.504008446,-0.017969037,0.003133225,267,11
268,11,6162-0.0,6162#100,100,0.343501131,-0.004560358,0.453418117,268,11
269,11,6162-0.0,6162#1,1,3.261772866,0.021022373,0.000547302,269,11
270,11,1130-0.0,1130,,0.823963982,0.008756494,0.149980922,270,11
271,11,6164-0.0,6164#2,2,7.471640417,-0.033571618,3.38E-08,271,11
272,11,1160-0.0,1160,,1.309814523,0.011974005,0.048998804,272,11
273,11,3647-0.0,3647,,0.535384582,-0.006416406,0.291484468,273,11
274,11,6162-0.0,6162#2,2,7.535682462,-0.033728733,2.91E-08,274,11
275,13,20117_0.0,20117_0.0,0,1.854859026,-0.014950949,0.013968217,275,13
276,13,2664_3.0,2664_3.0,3,5.074307089,-0.02708759,8.43E-06,276,13
277,13,3859_5.0,3859_5.0,5,0.830255662,-0.008803098,0.147823792,277,13
278,13,3859_3.0,3859_3.0,3,0.788619858,-0.008491658,0.162697224,278,13
279,13,20405_1.0,20405_1.0,1,2.734669277,0.018943283,0.001842174,279,13
280,13,3859_2.0,3859_2.0,2,0.374267511,0.004879825,0.422408344,280,13
281,13,2664_5.0,2664_5.0,5,1.445449916,0.012764457,0.035855029,281,13
282,13,2664_4.0,2664_4.0,4,0.249504408,0.003518325,0.562983403,282,13
283,13,2664_2.0,2664_2.0,2,0.613234655,0.007091824,0.243649399,283,13
284,13,20406-0.0,20406,,0.002370469,4.15E-05,0.994556662,284,13
285,13,2664_0.0,2664_0.0,0,0.838150103,-0.008861351,0.145160982,285,13
286,13,3859_1.0,3859_1.0,1,0.137074159,-0.002104694,0.729332961,286,13
287,13,20405_2.0,20405_2.0,2,4.498389894,0.025303714,3.17E-05,287,13
288,13,20410-0.0,20410,,1.26506658,-0.01170457,0.054316705,288,13
289,13,1608-0.0,1608,,0.405223965,0.005191941,0.393347175,289,13
290,13,20404-0.0,20404,,0.112003985,-0.001757169,0.772673495,290,13
291,13,20415-0.0,20415,,0.384306124,0.004982027,0.412756457,291,13
292,13,1618-0.0,1618,,7.135332299,-0.03273487,7.32E-08,292,13
293,13,20117_1.0,20117_1.0,1,1.230003669,-0.01149022,0.058883868,293,13
294,13,2664_1.0,2664_1.0,1,0.881851337,0.009179421,0.131264915,294,13
295,13,20117_2.0,20117_2.0,2,2.702806963,0.018811275,0.001982408,295,13
296,13,4407-0.0,4407,,0.162901735,-0.002449049,0.687223917,296,13
297,13,3731-0.0,3731,,0.769702669,0.008347731,0.169940672,297,13
298,13,20405_0.0,20405_0.0,0,7.240373889,-0.032998368,5.75E-08,298,13
299,13,4462-0.0,4462,,0.343206651,0.004557253,0.453725668,299,13
300,13,4418-0.0,4418,,0.301069234,-0.00410314,0.499954827,300,13
301,13,4429-0.0,4429,,0.060929788,-0.001002434,0.869100925,301,13
302,13,4440-0.0,4440,,0.454757382,-0.005673615,0.350947875,302,13
303,13,4451-0.0,4451,,0.241450904,0.003423789,0.573520699,303,13
304,13,1578-0.0,1578,,0.638916556,-0.007306683,0.229658987,304,13
305,13,20407-0.0,20407,,0.348384381,0.004611712,0.448348395,305,13
306,13,20408-0.0,20408,,0.114582269,0.001793553,0.76809994,306,13
307,13,5364-0.0,5364,,0.013981853,0.00024159,0.968318317,307,13
308,13,20414-0.0,20414,,4.230976858,0.024435264,5.88E-05,308,13
309,13,20416-0.0,20416,,16.93948956,0.052019923,1.15E-17,309,13
310,13,1598-0.0,1598,,3.102072952,0.020411956,0.000790546,310,13
311,13,1588-0.0,1588,,9.823603692,0.038946603,1.50E-10,311,13
312,13,1568-0.0,1568,,0.146794818,0.002235851,0.713189896,312,13
313,13,1558-0.0,1558,,4.920032055,0.026620474,1.20E-05,313,13
314,13,20403-0.0,20403,,9.889837186,0.039087726,1.29E-10,314,13
315,13,20409-0.0,20409,,0.765939093,0.00831891,0.17141977,315,13
316,13,1628-0.0,1628,,2.274793942,-0.016954438,0.005311364,316,13
317,14,20162-0.0,20162,,2.568506203,0.018245914,0.002700809,317,14
318,14,2877_1.0,2877_1.0,1,2.8192399,0.019289898,0.001516213,318,14
319,14,2877_2.0,2877_2.0,2,1.243506475,0.011573111,0.057081257,319,14
320,14,2877_3.0,2877_3.0,3,0.209056201,0.003033909,0.61793643,320,14
321,14,3446_3.0,3446_3.0,3,2.290651769,0.017026259,0.005120923,321,14
322,14,3446_2.0,3446_2.0,2,6.042815129,0.029865539,9.06E-07,322,14
323,14,20116_0.0,20116_0.0,0,13.07064148,-0.045367978,8.50E-14,323,14
324,14,22507-0.0,22507,,2.347682743,0.017282491,0.004490733,324,14
325,14,3446_1.0,3446_1.0,1,34.05598381,0.074727377,8.79E-35,325,14
326,14,22506_2.0,22506_2.0,2,2.383292986,0.017440881,0.004137205,326,14
327,14,1249-0.0,1249,,8.049191764,-0.034964336,8.93E-09,327,14
328,14,3506-0.0,3506,,0.930009427,-0.009521708,0.117487205,328,14
329,14,3496-0.0,3496,,0.535392759,0.006416479,0.29147898,329,14
330,14,3486-0.0,3486,,1.302176661,-0.011928335,0.049868159,330,14
331,14,3476-0.0,3476,,1.471537033,-0.012912266,0.033764706,331,14
332,14,3466-0.0,3466,,1.484245076,0.012983803,0.03279102,332,14
333,14,2887-0.0,2887,,0.236601817,-0.003366423,0.57996019,333,14
334,14,1279-0.0,1279,,2.21711172,0.016691026,0.006065803,334,14
335,14,2936-0.0,2936,,2.320297564,-0.017159853,0.004783023,335,14
336,14,1269-0.0,1269,,0.172120091,-0.002568853,0.672790591,336,14
337,14,20116_1.0,20116_1.0,1,0.830356805,0.008803846,0.147789369,337,14
338,14,1259-0.0,1259,,0.717231532,-0.007940102,0.191764613,338,14
339,14,20116_2.0,20116_2.0,2,38.57901687,0.079659257,2.64E-39,339,14
340,14,2926-0.0,2926,,0.077115411,0.001249021,0.837306744,340,14
341,14,22506_1.0,22506_1.0,1,1.538710922,0.013287049,0.028926046,341,14
342,14,20160-0.0,20160,,12.77809374,0.044825962,1.67E-13,342,14
343,14,22506_0.0,22506_0.0,0,8.176476104,-0.035264251,6.66E-09,343,14
344,14,2907-0.0,2907,,0.425830773,-0.005394869,0.375119142,344,14
345,14,3159-0.0,3159,,0.176914812,-0.002630553,0.665403664,345,14
346,14,6157-0.0,6157#100,100,0.062355525,0.001024453,0.866252448,346,14
347,14,6157-0.0,6157#1,1,0.002308778,4.04E-05,0.994697947,347,14
348,14,6157-0.0,6157#2,2,0.442409719,0.005555477,0.361069065,348,14
349,14,6158-0.0,6158#2,2,0.389390809,-0.005033427,0.407952117,349,14
350,14,6158-0.0,6158#3,3,0.892993187,0.009259359,0.127940137,350,14
351,14,6158-0.0,6158#1,1,0.155854206,-0.002356383,0.698466841,351,14
352,14,2644-0.0,2644,,0.422858184,-0.005365826,0.377695505,352,14
353,14,6157-0.0,6157#3,3,0.158016587,0.002384916,0.694997774,353,14
354,14,6158-0.0,6158#100,100,0.220867427,-0.003177901,0.60135728,354,14
355,14,22506_3.0,22506_3.0,3,16.6699617,0.051583694,2.14E-17,355,14
356,14,2897-0.0,2897,,1.77038238,0.014521164,0.016967491,356,14
357,14,3436-0.0,3436,,0.226737002,-0.00324866,0.593284494,357,14
358,14,3456-0.0,3456,,0.253861618,-0.003569094,0.557363317,358,14
359,14,2867-0.0,2867,,0.214983823,-0.003106446,0.609559602,359,14
360,14,20161-0.0,20161,,0.497327283,0.006071736,0.318179882,360,14
361,14,1239-0.0,1239,,25.27511756,0.064081584,5.31E-26,361,14
362,14,6157-0.0,6157#4,4,0.696226791,0.007773277,0.201267295,362,14
363,14,6158-0.0,6158#4,4,0.824669391,0.008761727,0.149737511,363,14
364,20,23113-0.0,23113,,3.917842208,0.023381449,0.000120825,364,20
365,20,23102-2.0,23102,,6.104684565,0.030034873,7.86E-07,365,20
366,20,23101-0.0,23101,,2.704977212,0.018820292,0.001972526,366,20
367,20,23100-0.0,23100,,5.259794407,0.027639587,5.50E-06,367,20
368,20,23099-0.0,23099,,1.868003335,0.015016934,0.01355179,368,20
369,20,21002-0.0,21002,,6.884798868,0.032098185,1.30E-07,369,20
370,20,21001-0.0,21001,,8.563041207,0.036160587,2.74E-09,370,20
371,20,23106-0.0,23106,,1.064851053,-0.010438746,0.086128909,371,20
372,20,20015-0.0,20015,,0.613862853,0.007097124,0.24329722,372,20
373,20,10695-0.1,10695,,0.019662419,0.000337628,0.9557352,373,20
374,20,12143-2.0,12143,,17.92529107,0.053585782,1.19E-18,374,20
375,20,10696-0.1,10696,,0.611787552,0.007079606,0.244462612,375,20
376,20,23107-0.0,23107,,0.954893825,-0.009695378,0.110944602,376,20
377,20,3062-0.0,3062,,1.238408096,0.011541864,0.057755308,377,20
378,20,10694-0.1,10694,,0.03405273,0.000575781,0.924585907,378,20
379,20,3064-0.0,3064,,1.671678906,0.014005816,0.021297131,379,20
380,20,3063-0.0,3063,,1.711752472,0.014216827,0.019419924,380,20
381,20,12144-2.0,12144,,0.405001634,0.005189731,0.393548595,381,20
382,20,23119-0.0,23119,,3.584177477,0.022209497,0.000260509,382,20
383,20,23108-0.0,23108,,1.398749293,-0.012496551,0.039925532,383,20
384,20,23127-0.0,23127,,3.750157048,0.022799202,0.000177764,384,20
385,20,49-0.0,49,,8.721181368,0.036521228,1.90E-09,385,20
386,20,23109-0.0,23109,,0.327122775,-0.004386258,0.4708442,386,20
387,20,23121-0.0,23121,,1.956159643,0.015453592,0.011062171,387,20
388,20,47-0.0,47,,0.431435308,0.005449423,0.370309362,388,20
389,20,23125-0.0,23125,,2.927139658,0.019724485,0.001182661,389,20
390,20,23126-0.0,23126,,2.859279212,0.019452142,0.001382677,390,20
391,20,23128-0.0,23128,,6.904197406,0.032147907,1.25E-07,391,20
392,20,1707_1.0,1707_1.0,1,0.987307141,0.009918481,0.102965767,392,20
393,20,1707_2.0,1707_2.0,2,1.324689182,-0.012062577,0.047349001,393,20
394,20,1707_3.0,1707_3.0,3,0.165579602,0.002484013,0.682999519,394,20
395,20,23123-0.0,23123,,3.580612831,0.02219668,0.000262656,395,20
396,20,3088-0.0,3088,,0.824826604,0.008762893,0.149683316,396,20
397,20,46-0.0,46,,0.443882476,0.005569634,0.3598467,397,20
398,20,48-0.0,48,,9.832539186,0.03896567,1.47E-10,398,20
399,20,23120-0.0,23120,,8.390976862,0.035764258,4.06E-09,399,20
400,20,50-0.0,50,,0.434666659,0.005480755,0.367564315,400,20
401,20,23112-0.0,23112,,1.916985913,0.015260802,0.012106374,401,20
402,20,23111-0.0,23111,,0.689824371,0.007721994,0.204256379,402,20
403,20,2306-0.0,2306,,4.389679147,0.024953974,4.08E-05,403,20
404,20,23110-0.0,23110,,0.784391497,-0.008459622,0.164289006,404,20
405,22,6016-0.0,6016,,0.595957098,0.006945143,0.253537908,405,22
406,22,6015-0.0,6015,,0.126030092,-0.001953292,0.748117662,406,22
407,22,6014-0.0,6014,,0.535494701,-0.006417389,0.291410569,407,22
408,22,5993-0.1,5993,,0.082215508,0.001325231,0.827531419,408,22
409,22,6020_1.0,6020_1.0,1,0.161506416,0.002430777,0.689435408,409,22
410,22,22679-2.0,22679,,1.861725632,-0.014985449,0.013749103,410,22
411,22,6020_33.0,6020_33.0,33,0.050067963,0.00083271,0.891111477,411,22
412,22,6020_32.0,6020_32.0,32,0.434098743,-0.005475254,0.368045284,412,22
413,22,4195-0.0,4195,,0.018246275,0.000313797,0.958856739,413,22
414,22,4196-0.0,4196,,0.113560504,0.001779153,0.769909177,414,22
415,22,5984-0.3,5984,,0.514762602,-0.006230902,0.305659148,415,22
416,22,6017-0.0,6017,,0.029692623,-0.000504379,0.933915056,416,22
417,22,6020_31.0,6020_31.0,31,1.070208431,0.010474022,0.085072965,417,22
418,22,93-0.0,93,,0.62434573,-0.007185238,0.23749489,418,22
419,22,5992-0.1,5992,,0.141329999,-0.002162354,0.722220815,419,22
420,22,95-0.0,95,,0.257949237,0.003616484,0.552141973,420,22
421,22,6019-0.0,6019,,0.070763766,-0.001153127,0.849642512,421,22
422,22,6034-0.0,6034,,0.071206322,-0.001159844,0.848777148,422,22
423,22,22682-0.0,22682,,0.386926932,-0.005008551,0.410273124,423,22
424,22,22683-0.0,22683,,0.095968762,-0.001527376,0.801735728,424,22
425,22,22684-0.0,22684,,0.086817338,0.001393408,0.818809103,425,22
426,22,22685-0.0,22685,,0.061191065,0.001006474,0.868578221,426,22
427,22,94-0.0,94,,0.185502897,0.002740047,0.652374689,427,22
428,22,21021-0.0,21021,,0.003083799,5.39E-05,0.992924442,428,22
429,22,22680-2.0,22680,,1.266159968,-0.011711208,0.054180129,429,22
430,22,5983-0.0,5983,,0.575711664,0.006770992,0.265636859,430,22
431,22,4194-0.0,4194,,0.896974216,0.009287811,0.126772713,431,22
432,22,4080-0.0,4080,,0.933208492,-0.009544153,0.11662496,432,22
433,22,4079-0.0,4079,,1.335670345,0.012127656,0.046166788,433,22
434,22,102-0.0,102,,4.075343953,0.02391673,8.41E-05,434,22
435,22,22681-2.0,22681,,0.442507098,-0.005556414,0.360988114,435,22
436,22,22678-2.0,22678,,1.211861274,-0.011378155,0.061395809,436,22
437,22,12338-2.0,12338,,0.184596318,0.002728549,0.653737928,437,22
438,22,22676-2.0,22676,,3.351917851,-0.021360157,0.000444715,438,22
439,22,22677-2.0,22677,,1.337302318,-0.012137306,0.045993629,439,22
440,22,6020_34.0,6020_34.0,34,0.002043227,-3.58E-05,0.995306346,440,22
441,22,5986-0.0,5986,,1.109306156,0.010728982,0.077748827,441,22
442,22,6022-0.0,6022,,0.025752984,0.000439304,0.942425472,442,22
443,22,6033-0.0,6033,,1.486679252,0.012997472,0.032607744,443,22
444,22,6038-0.0,6038,,0.74674917,0.00817097,0.179164033,444,22
445,22,12336-2.0,12336,,11.24150727,0.04186775,5.73E-12,445,22
446,22,6032-0.0,6032,,0.123886479,0.001923602,0.751819387,446,22
447,22,22670-2.0,22670,,1.741831871,-0.014373602,0.018120415,447,22
448,22,22671-2.0,22671,,0.764180513,-0.008305422,0.172115303,448,22
449,22,22672-2.0,22672,,0.037946343,0.000639007,0.916333697,449,22
450,22,22673-2.0,22673,,2.842317738,-0.019383555,0.001437746,450,22
451,22,22674-2.0,22674,,1.967517032,-0.015509122,0.01077663,451,22
452,22,22675-2.0,22675,,0.725140081,-0.00800236,0.188304162,452,22
453,22,12340-2.0,12340,,0.701373914,-0.007814357,0.198896017,453,22
454,30,30050-0.0,30050,,0.22879287,0.003273321,0.590482635,454,30
455,30,30120-0.0,30120,,0.515084928,0.006233825,0.305432377,455,30
456,30,30140-0.0,30140,,0.97367714,0.009825085,0.106248513,456,30
457,30,30830-0.0,30830,,9.478356952,-0.038202901,3.32E-10,457,30
458,30,30680-0.0,30680,,0.629831966,-0.007231104,0.2345136,458,30
459,30,30770-0.0,30770,,0.180722901,-0.002679264,0.659594611,459,30
460,30,30660-0.0,30660,,0.583346542,0.006836961,0.261007783,460,30
461,30,30040-0.0,30040,,0.182943947,0.002707557,0.656229958,461,30
462,30,30110-0.0,30110,,1.706232886,0.01418791,0.019668313,462,30
463,30,30020-0.0,30020,,1.230735851,0.011494726,0.058784679,463,30
464,30,30010-0.0,30010,,0.888050163,0.009223952,0.129404636,464,30
465,30,30000-0.0,30000,,1.273569453,0.011756118,0.053263604,465,30
466,30,30080-0.0,30080,,0.01148654,-0.000199026,0.973897969,466,30
467,30,30090-0.0,30090,,1.083986357,0.010564364,0.082416401,467,30
468,30,30100-0.0,30100,,2.057809243,0.015944973,0.008753682,468,30
469,30,30670-0.0,30670,,8.427016248,-0.035847616,3.74E-09,469,30
470,30,30030-0.0,30030,,1.09545825,0.010639172,0.080267872,470,30
471,30,30060-0.0,30060,,0.544109431,0.00649402,0.285687059,471,30
472,30,30104-0.0,30104,,1.401345758,-0.01251156,0.039687546,472,30
473,30,30200-0.0,30200,,0.082765508,0.001333409,0.826484079,473,30
474,30,30070-0.0,30070,,0.272491225,0.003783263,0.533960062,474,30
475,30,30240-0.0,30240,,7.478006052,0.033587266,3.33E-08,475,30
476,30,30250-0.0,30250,,7.518845498,0.033687494,3.03E-08,476,30
477,30,30260-0.0,30260,,0.387124827,0.005010551,0.410086217,477,30
478,30,30270-0.0,30270,,0.233550715,-0.003330153,0.584049001,478,30
479,30,30280-0.0,30280,,6.442176088,0.030943316,3.61E-07,479,30
480,30,30210-0.0,30210,,0.964220535,0.00975993,0.108587408,480,30
481,30,30290-0.0,30290,,7.148659389,0.032768412,7.10E-08,481,30
482,30,30300-0.0,30300,,8.724171182,0.036528014,1.89E-09,482,30
483,30,30600-0.0,30600,,0.706586744,-0.007855828,0.196522942,483,30
484,30,30610-0.0,30610,,0.521242277,0.006289506,0.301132565,484,30
485,30,30620-0.0,30620,,2.772074953,0.019097258,0.001690149,485,30
486,30,30630-0.0,30630,,8.364344076,-0.035702538,4.32E-09,486,30
487,30,30640-0.0,30640,,2.019159835,0.015759612,0.009568419,487,30
488,30,30650-0.0,30650,,0.889758686,-0.0092362,0.128896556,488,30
489,30,30220-0.0,30220,,0.070308593,0.001146212,0.850533467,489,30
490,30,30180-0.0,30180,,0.279682273,-0.003864715,0.525191547,490,30
491,30,30190-0.0,30190,,0.145604076,0.002219888,0.715147993,491,30
492,30,30150-0.0,30150,,1.108277178,0.010722327,0.077933256,492,30
493,30,30870-0.0,30870,,7.533948481,0.033724488,2.92E-08,493,30
494,30,30170-0.0,30170,,0.966320137,-0.009774421,0.108063707,494,30
495,30,30800-0.0,30800,,0.257747561,0.003614151,0.552398434,495,30
496,30,30790-0.0,30790,,0.318009393,0.004288107,0.480828948,496,30
497,30,30780-0.0,30780,,1.648948107,0.013885007,0.022441501,497,30
498,30,30760-0.0,30760,,8.509523141,-0.036037759,3.09E-09,498,30
499,30,30750-0.0,30750,,0.9067475,-0.009357414,0.123951704,499,30
500,30,30130-0.0,30130,,1.248373633,0.011602883,0.056445116,500,30
501,30,30730-0.0,30730,,6.797110615,0.031872516,1.60E-07,501,30
502,30,30810-0.0,30810,,6.883488679,-0.032094824,1.31E-07,502,30
503,30,30710-0.0,30710,,7.766174072,0.03428856,1.71E-08,503,30
504,30,30700-0.0,30700,,0.28777173,0.00395556,0.515499525,504,30
505,30,30720-0.0,30720,,1.634355929,0.013807016,0.02320834,505,30
506,30,30820-0.0,30820,,0.309993331,-0.004200997,0.48978634,506,30
507,30,30230-0.0,30230,,0.362107078,-0.004754701,0.434403106,507,30
508,30,30740-0.0,30740,,0.05878308,0.000969169,0.873407506,508,30
509,30,30880-0.0,30880,,4.212013014,0.024372614,6.14E-05,509,30
510,30,30160-0.0,30160,,0.874000905,-0.009122821,0.133659273,510,30
511,30,30890-0.0,30890,,16.70455196,-0.051639879,1.97E-17,511,30
512,30,30850-0.0,30850,,1.098311137,0.010657718,0.079742319,512,30
513,30,30840-0.0,30840,,0.019498047,-0.000334866,0.956096994,513,30
514,30,30860-0.0,30860,,0.349412516,0.004622492,0.447288245,514,30
515,30,30690-0.0,30690,,0.071581954,0.001165541,0.848043336,515,30
516,31,4120-0.0,4120,,0.015232976,-0.000262844,0.965532782,516,21
517,31,4140-2.0,4140,,0.22956283,-0.003282541,0.589436696,517,21
518,31,78-0.0,78,,0.522693589,-0.006302592,0.300127929,518,21
519,31,3083-0.0,3083,,0.401976584,-0.005159617,0.396299401,519,21
520,31,4123-0.0,4123,,1.012788812,-0.010091489,0.097098202,520,21
521,31,3143-0.0,3143,,1.419433243,0.01261574,0.038068587,521,21
522,31,4101-0.0,4101,,0.440310159,0.005535265,0.362818849,522,21
523,31,4104-0.0,4104,,1.35745422,0.012255992,0.043908215,523,21
524,31,3144-0.0,3144,,0.035024248,0.000591604,0.922519918,524,21
525,31,3085-0.0,3085,,0.06382852,0.00104714,0.86331936,525,21
526,31,4119-0.0,4119,,0.947740992,0.009645674,0.11278699,526,21
527,31,3084-0.0,3084,,0.42749545,-0.005411101,0.37368404,527,21
528,31,4095-2.0,4095,,0.787471174,-0.008482963,0.163128118,528,21
529,31,4092-1.0,4092,,0.265773595,-0.003706568,0.542283519,529,21
530,31,77-0.0,77,,0.199621301,0.002917296,0.631507771,530,21
531,31,4100-0.0,4100,,1.528343574,0.01322974,0.029624868,531,21
532,32,4979_3.0,4979_3.0,3,1.778404243,-0.014562411,0.016656961,532,32
533,32,4256-0.0,4256,,0.033667105,0.000569492,0.925407244,533,32
534,32,4255-0.0,4255,,0.420267725,-0.005340453,0.379955097,534,32
535,32,4254-0.0,4254,,0.021178256,-0.000363057,0.952405168,535,32
536,32,404-0.0,404,,4.836772029,-0.026365227,1.46E-05,536,32
537,32,630-0.0,630,,12.98406645,0.045208234,1.04E-13,537,32
538,32,4968_8.0,4968_8.0,8,0.510002452,-0.006187663,0.309027799,538,32
539,32,4979_2.0,4979_2.0,2,0.185390899,0.002738627,0.652542948,539,32
540,32,400-0.1,400,,6.021798369,-0.029807813,9.51E-07,540,32
541,32,399-0.1,399,,4.464982096,-0.025196705,3.43E-05,541,32
542,32,4253-2.0,4253,,4.767729713,0.026151837,1.71E-05,542,32
543,32,4292_1.0,4292_1.0,1,0.087067794,-0.001397103,0.818337034,543,32
544,32,4968_5.0,4968_5.0,5,1.494026696,-0.013038662,0.032060722,544,32
545,32,4968_7.0,4968_7.0,7,0.03702833,0.000624145,0.918272693,545,32
546,32,4968_6.0,4968_6.0,6,0.222736657,0.003200492,0.598774564,546,32
547,32,4957_4.0,4957_4.0,4,0.117931879,0.001840596,0.762198555,547,32
548,32,4957_2.0,4957_2.0,2,0.545472077,-0.006506096,0.28479209,548,32
549,32,4957_1.0,4957_1.0,1,0.585340771,-0.006854133,0.259812014,549,32
550,32,4935_17.0,4935_17.0,17,0.291769341,0.004000153,0.510776208,550,32
551,32,4935_16.0,4935_16.0,16,0.260881649,-0.003650342,0.548426397,551,32
552,32,4935_15.0,4935_15.0,15,0.090249145,-0.001443894,0.812364347,552,32
553,32,4935_14.0,4935_14.0,14,1.117268072,0.010780378,0.076336445,553,32
554,32,4935_13.0,4935_13.0,13,0.935573248,0.009560723,0.115991657,554,32
555,32,20185_2.0,20185_2.0,2,0.735505348,-0.008083509,0.183863131,555,32
556,32,4979_1.0,4979_1.0,1,0.624155904,-0.007183648,0.23759872,556,32
557,32,4292_3.0,4292_3.0,3,0.891387062,0.009247864,0.128414167,557,32
558,32,6332-2.0,6332#1,1,0.870882579,-0.009100274,0.134622428,558,32
559,32,6771-2.0,6771,,0.557121235,-0.006608836,0.277254603,559,32
560,32,6333-2.0,6333,,1.082674218,0.010555784,0.082665783,560,32
561,32,20152-0.0,20152,,0.476342264,0.005877213,0.333931767,561,32
562,32,10610-0.0,10610,,1.54894612,0.013343441,0.028252305,562,32
563,32,10141-0.0,10141,,2.708339109,0.018834252,0.001957316,563,32
564,32,6332-2.0,6332#4,4,0.122553765,0.001905092,0.754130029,564,32
565,32,6332-2.0,6332#6,6,1.738924091,-0.014358506,0.018242145,565,32
566,32,6332-2.0,6332#7,7,0.32803879,-0.004396072,0.469852141,566,32
567,32,6332-2.0,6332#0,0,0.152163985,0.00230748,0.704427035,567,32
568,32,5001_4.0,5001_4.0,4,0.004585116,-8.01E-05,0.989497915,568,32
569,32,6332-2.0,6332#5,5,1.951234039,0.015429458,0.011188348,569,32
570,32,4285-0.0,4285,,0.048908926,0.000814389,0.893492834,570,32
571,32,4292_0.0,4292_0.0,0,4.109030522,-0.024029822,7.78E-05,571,32
572,32,6332-2.0,6332#2,2,2.032182527,0.015822267,0.00928576,572,32
573,32,4294-0.0,4294,,2.976154577,0.019919187,0.001056441,573,32
574,32,4979_4.0,4979_4.0,4,0.636864782,0.007289653,0.230746551,574,32
575,32,4979_5.0,4979_5.0,5,1.003070472,-0.010025748,0.099295491,575,32
576,32,4990_68.0,4990_68.0,68,0.205450426,0.002989512,0.623088268,576,32
577,32,4990_69.0,4990_69.0,69,0.610630479,0.007069827,0.245114792,577,32
578,32,4990_70.0,4990_70.0,70,1.749716438,-0.014414473,0.017794409,578,32
579,32,4990_71.0,4990_71.0,71,0.11862876,-0.001850351,0.760976491,579,32
580,32,4990_72.0,4990_72.0,72,0.925062777,-0.00948693,0.118833044,580,32
581,32,5001_1.0,5001_1.0,1,0.307092494,-0.00416929,0.493068782,581,32
582,32,5001_2.0,5001_2.0,2,0.852976844,-0.00897009,0.14028885,582,32
583,32,6332-2.0,6332#3,3,0.054861945,-0.000908055,0.881328989,583,32
584,32,4924-3.0,4924,,0.580819739,0.006815168,0.262530799,584,32
585,32,5001_3.0,5001_3.0,3,0.061415003,0.001009934,0.868130466,585,32
586,32,4291-0.0,4291,,1.696515912,-0.01413689,0.020113335,586,32
587,32,6362_7.0,6362_7.0,7,0.201622087,0.002942146,0.628605119,587,32
588,32,5012_28.0,5012_28.0,28,0.779703349,-0.008424013,0.16607209,588,32
589,32,5012_29.0,5012_29.0,29,1.108338476,-0.010722723,0.077922257,589,32
590,32,5556_1.0,5556_1.0,1,1.085387953,-0.010573524,0.082150847,590,32
591,32,5556_4.0,5556_4.0,4,1.200007633,0.011304501,0.063094626,591,32
592,32,5556_5.0,5556_5.0,5,0.776262434,0.008397816,0.167393105,592,32
593,32,5699_92.0,5699_92.0,92,0.046718718,-0.000779653,0.898010226,593,32
594,32,5699_93.0,5699_93.0,93,0.357139776,-0.004703164,0.439400174,594,32
595,32,6362_3.0,6362_3.0,3,0.005441962,9.49E-05,0.9875476,595,32
596,32,5699_95.0,5699_95.0,95,1.701132699,0.014161149,0.019900652,596,32
597,32,5699_94.0,5699_94.0,94,2.22276917,0.016717014,0.005987297,597,32
598,32,5779_1.0,5779_1.0,1,0.270824042,-0.003764284,0.536013784,598,32
599,32,5012_27.0,5012_27.0,27,0.312493059,0.004228241,0.486975308,599,32
600,32,6362_1.0,6362_1.0,1,0.55435095,-0.006584483,0.279028812,600,32
601,32,5790_50.0,5790_50.0,50,0.142823602,0.002182502,0.719741257,601,32
602,32,5790_49.0,5790_49.0,49,0.276557393,0.003829402,0.528984087,602,32
603,32,5790_48.0,5790_48.0,48,0.402955156,0.005169367,0.395407447,603,32
604,32,5790_47.0,5790_47.0,47,0.054861945,0.000908055,0.881328989,604,32
605,32,5790_46.0,5790_46.0,46,0.650769281,0.007404607,0.223475912,605,32
606,32,5790_45.0,5790_45.0,45,0.357421971,0.004706099,0.439114753,606,32
607,32,5779_5.0,5779_5.0,5,1.174763126,0.011146468,0.066870855,607,32
608,32,5779_4.0,5779_4.0,4,0.20414699,0.002973412,0.624961135,608,32
609,32,5779_2.0,5779_2.0,2,0.132835902,-0.002046898,0.736485325,609,32
610,32,5699_96.0,5699_96.0,96,0.573108733,0.006748419,0.267233726,610,32
611,32,20185_4.0,20185_4.0,4,0.004428609,-7.73E-05,0.989854567,611,32
612,32,6362_0.0,6362_0.0,0,0.038640401,-0.000650225,0.914870447,612,32
613,32,5012_26.0,5012_26.0,26,0.414229032,0.00528108,0.385275123,613,32
614,32,6362_2.0,6362_2.0,2,0.096615117,-0.001536758,0.800543402,614,32
615,32,6362_6.0,6362_6.0,6,0.003841629,6.71E-05,0.991193331,615,32
616,32,6362_8.0,6362_8.0,8,1.197327418,-0.011287798,0.063485213,616,32
617,32,6362_9.0,6362_9.0,9,0.563101559,-0.006661239,0.273462916,617,32
618,32,6362_10.0,6362_10.0,10,0.155098247,-0.002346387,0.699683694,618,32
619,32,6362_11.0,6362_11.0,11,0.461977002,-0.005742121,0.345162017,619,32
620,32,6362_12.0,6362_12.0,12,0.612020919,-0.007081577,0.244331286,620,32
621,32,6362_13.0,6362_13.0,13,0.618661043,0.007137534,0.240624008,621,32
622,32,6362_14.0,6362_14.0,14,0.072555923,-0.001180296,0.846143605,622,32
623,32,6362_15.0,6362_15.0,15,0.836731136,0.008850899,0.145636041,623,32
624,32,6362_16.0,6362_16.0,16,0.130984852,-0.002021537,0.739631073,624,32
625,32,6362_17.0,6362_17.0,17,0.252670749,-0.003555244,0.558893747,625,32
626,32,5001_5.0,5001_5.0,5,0.63980819,-0.007314076,0.229187966,626,32
627,32,6362_18.0,6362_18.0,18,0.274671374,-0.003808028,0.531286311,627,32
628,32,403-0.0,403,,0.209819675,0.003043283,0.616851074,628,32
629,32,4250-0.1,4250,,0.934231215,-0.009551322,0.116350642,629,32
630,32,4282-0.0,4282,,0.200413483,0.002927143,0.630356908,630,32
631,32,4283-0.0,4283,,0.379828518,0.004936561,0.417034018,631,32
632,32,4290-0.0,4290,,1.403737709,-0.012525375,0.039469561,632,32
633,32,6349-2.0,6349,,1.196791568,-0.011284457,0.063563592,633,32
634,32,6351-2.0,6351,,4.248897365,-0.024494335,5.64E-05,634,32
635,32,6373-2.0,6373,,10.78712914,0.0409535,1.63E-11,635,32
636,32,6374-2.0,6374,,2.385896157,-0.017452412,0.00411248,636,32
637,32,6382-2.0,6382,,5.080805503,0.027107104,8.30E-06,637,32
638,32,6383-2.0,6383,,0.923370849,0.009475016,0.119296898,638,32
639,32,398-2.1,398,,1.281138514,0.011801865,0.052343347,639,32
640,32,6362_4.0,6362_4.0,4,0.04987344,0.000829638,0.8915107,640,32
641,32,5012_25.0,5012_25.0,25,0.365519504,-0.004789961,0.431003202,641,32
642,32,6770-2.0,6770,,0.314052296,0.004245198,0.485230067,642,32
643,32,5556_3.0,5556_3.0,3,0.316745292,0.004274419,0.482230536,643,32
644,32,20016-0.0,20016,,0.632120564,0.007250187,0.233281037,644,32
645,32,20240-0.0,20240,,2.90738692,0.019645548,0.001237693,645,32
646,32,20242-0.0,20242,,0.939500917,0.0095882,0.114947382,646,32
647,32,20244-0.0,20244,,3.41191624,0.021582392,0.000387332,647,32
648,32,20245-0.0,20245,,1.256413941,0.011651943,0.055409733,648,32
649,32,20247-0.0,20247,,0.495571757,-0.006055588,0.319468648,649,32
650,32,20248-0.0,20248,,0.021490216,-0.00036828,0.951721289,650,32
651,32,23321-2.0,23321,,0.118697851,0.001851317,0.760855438,651,32
652,32,6362_19.0,6362_19.0,19,0.148382596,0.002257093,0.710587239,652,32
653,32,6362_20.0,6362_20.0,20,0.038754317,-0.000652065,0.914630508,653,32
654,32,6362_21.0,6362_21.0,21,0.549293275,-0.006539895,0.282297301,654,32
655,32,6362_22.0,6362_22.0,22,0.594593223,-0.006933489,0.254335379,655,32
656,32,20200-0.8,20200,,0.228467281,0.003269419,0.590925484,656,32
657,32,6362_23.0,6362_23.0,23,0.709408028,0.007878217,0.195250418,657,32
658,32,6362_25.0,6362_25.0,25,0.163135994,-0.002452113,0.686853327,658,32
659,32,6362_26.0,6362_26.0,26,0.17657507,0.002626194,0.665924404,659,32
660,32,6362_27.0,6362_27.0,27,0.190056727,-0.002797586,0.645569899,660,32
661,32,6362_28.0,6362_28.0,28,0.22468767,-0.003224014,0.596090677,661,32
662,32,6362_29.0,6362_29.0,29,0.073124043,-0.00118889,0.845037451,662,32
663,32,6362_30.0,6362_30.0,30,1.108623478,0.010724567,0.077871138,663,32
664,32,6362_31.0,6362_31.0,31,0.027690242,-0.00047137,0.938230956,664,32
665,32,20165_1.0,20165_1.0,1,0.63980819,-0.007314076,0.229187966,665,32
666,32,20165_3.0,20165_3.0,3,1.724354805,-0.014282677,0.018864496,666,32
667,32,20177_1.0,20177_1.0,1,0.258646012,-0.00362454,0.551256836,667,32
668,32,6773-2.0,6773,,5.15622334,-0.027332633,6.98E-06,668,32
669,32,6362_24.0,6362_24.0,24,0.162779642,-0.002447451,0.687417143,669,32
670,32,20175_5.0,20175_5.0,5,0.817757805,-0.008710365,0.152139574,670,32
671,32,20148-0.1,20148,,0.063986686,0.001049572,0.863005005,671,32
672,32,20147-0.1,20147,,0.163790709,-0.002460671,0.685818649,672,32
673,32,6362_5.0,6362_5.0,5,0.53626252,-0.006424239,0.290895819,673,32
674,32,20169_1.0,20169_1.0,1,1.691793611,-0.014112043,0.020333231,674,32
675,32,20169_5.0,20169_5.0,5,0.177016102,-0.002631852,0.665248492,675,32
676,32,20169_4.0,20169_4.0,4,0.707311024,-0.00786158,0.19619547,676,32
677,32,20169_3.0,20169_3.0,3,0.678730352,-0.007632641,0.209541307,677,32
678,32,20169_2.0,20169_2.0,2,0.913083223,-0.009402352,0.122156555,678,32
679,32,20171_2.0,20171_2.0,2,1.097285222,-0.010651051,0.079930914,679,32
680,32,20173_3.0,20173_3.0,3,0.286030515,-0.003936075,0.517570465,680,32
681,32,20171_4.0,20171_4.0,4,0.222737719,-0.003200505,0.598773099,681,32
682,32,20171_5.0,20171_5.0,5,0.72858694,-0.008029401,0.186815566,682,32
683,32,20173_1.0,20173_1.0,1,0.040774577,-0.000684621,0.910385691,683,32
684,32,20173_2.0,20173_2.0,2,0.783930996,-0.008456129,0.164463301,684,32
685,32,20173_4.0,20173_4.0,4,0.319866142,-0.00430818,0.478777638,685,32
686,32,20173_5.0,20173_5.0,5,1.66035607,-0.01394574,0.021859687,686,32
687,32,20175_1.0,20175_1.0,1,0.02324438,0.000397584,0.947884933,687,32
688,32,20175_2.0,20175_2.0,2,0.167079878,-0.002503544,0.680644159,688,32
689,32,20175_3.0,20175_3.0,3,1.249846296,-0.01161188,0.056254038,689,32
690,32,20175_4.0,20175_4.0,4,0.470830768,-0.005825572,0.338196596,690,32
691,32,20165_5.0,20165_5.0,5,0.182513361,-0.002702078,0.656880908,691,32
692,32,20171_3.0,20171_3.0,3,0.517894195,0.006259262,0.303463041,692,32
693,32,20165_4.0,20165_4.0,4,0.470830768,-0.005825572,0.338196596,693,32
694,32,20191-0.0,20191,,2.732451607,0.018934121,0.001851605,694,32
695,32,20165_2.0,20165_2.0,2,1.214848503,-0.011396663,0.060974956,695,32
696,32,20128-0.0,20128,,0.140727858,-0.002154218,0.723222855,696,32
697,32,20131-0.0,20131,,0.476297432,0.005876794,0.33396624,697,32
698,32,20177_3.0,20177_3.0,3,0.283723308,-0.003910199,0.520327395,698,32
699,32,20132-0.0,20132,,0.22199068,-0.003191483,0.599803947,699,32
700,32,20171_1.0,20171_1.0,1,1.437563902,-0.012719518,0.03651204,700,32
701,32,20149-0.1,20149,,1.230469069,-0.011493084,0.058820801,701,32
702,32,20179_2.0,20179_2.0,2,0.36318515,-0.004765853,0.433326102,702,32
703,32,20179_3.0,20179_3.0,3,0.227100304,0.003253022,0.592788399,703,32
704,32,20179_4.0,20179_4.0,4,0.406202791,-0.005201665,0.392461636,704,32
705,32,20179_5.0,20179_5.0,5,0.070397686,-0.001147566,0.850359003,705,32
706,32,20181_1.0,20181_1.0,1,0.223328598,-0.003207635,0.597958994,706,32
707,32,20181_2.0,20181_2.0,2,0.415509503,-0.005293696,0.384140854,707,32
708,32,20181_3.0,20181_3.0,3,0.121872298,0.001895613,0.755314291,708,32
709,32,20181_4.0,20181_4.0,4,0.389854308,0.005038101,0.407516964,709,32
710,32,20181_5.0,20181_5.0,5,2.347348466,-0.017280998,0.004494191,710,32
711,32,20177_2.0,20177_2.0,2,0.580440136,-0.00681189,0.262760369,711,32
712,32,20183_1.0,20183_1.0,1,0.111216654,0.001746028,0.774075543,712,32
713,32,20179_1.0,20179_1.0,1,0.314464988,-0.004249681,0.484769192,713,32
714,32,20183_3.0,20183_3.0,3,0.345732422,-0.004583854,0.451094547,714,32
715,32,20183_5.0,20183_5.0,5,2.066762374,-0.015987661,0.008575069,715,32
716,32,20185_1.0,20185_1.0,1,1.093869567,-0.010628835,0.080562036,716,32
717,32,6348-2.0,6348,,3.045704059,-0.020192656,0.000900111,717,32
718,32,6350-2.0,6350,,3.108125485,-0.020435381,0.000779605,718,32
719,32,6772-2.0,6772,,2.872747696,-0.019506456,0.001340455,719,32
720,32,20018-0.0,20018,,2.186532939,-0.016549975,0.006508292,720,32
721,32,10137-0.1,10137,,0.078219294,0.001265575,0.835181194,721,32
722,32,10138-0.1,10138,,0.286980018,0.003946705,0.51644013,722,32
723,32,10144-0.1,10144,,0.365503076,0.004789791,0.431019506,723,32
724,32,10147-0.0,10147,,0.092543115,0.001477475,0.808084703,724,32
725,32,20133-0.0,20133,,4.004313107,-0.023676674,9.90E-05,725,32
726,32,20183_4.0,20183_4.0,4,0.357472184,-0.004706621,0.439063986,726,32
727,32,20177_5.0,20177_5.0,5,1.711366413,-0.014214806,0.019437195,727,32
728,32,20183_2.0,20183_2.0,2,0.061528735,0.001011691,0.867903151,728,32
729,32,10241-0.0,10241,,0.418795066,-0.005326003,0.381245682,729,32
730,32,20153-0.0,20153,,0.425086109,0.005387601,0.375762893,730,32
731,32,20154-0.0,20154,,0.825874383,-0.008770661,0.149322625,731,32
732,32,20155-0.1,20155,,3.010247221,-0.020053645,0.000976681,732,32
733,32,20156-0.0,20156,,3.609597329,-0.022300711,0.000245699,733,32
734,32,20157-0.0,20157,,2.787601651,-0.019160859,0.001630791,734,32
735,32,20159-0.0,20159,,0.933601133,0.009546906,0.116519568,735,32
736,32,20195-0.0,20195,,1.998764688,0.015661077,0.010028485,736,32
737,32,20177_4.0,20177_4.0,4,1.012734661,-0.010091123,0.09711031,737,32
738,32,20230-0.0,20230,,2.939212142,-0.019772594,0.001150238,738,32
739,32,23322-2.0,23322,,1.08928747,0.010598979,0.081416519,739,32
740,32,23323-2.0,23323,,2.698704761,0.018794221,0.002001222,740,32
741,32,23324-2.0,23324,,3.4327425,0.021659062,0.000369196,741,32
742,32,20229-0.0,20229,,0.65673735,0.007453626,0.220425914,742,32
743,32,20246_2.0,20246_2.0,2,0.690014933,-0.007723523,0.204166774,743,32
744,32,20246_3.0,20246_3.0,3,0.29184703,-0.004001018,0.510684845,744,32
745,32,10612-0.0,10612,,0.120154138,-0.001871666,0.758308391,745,32
746,32,20023-0.0,20023,,5.432612096,-0.028144884,3.69E-06,746,32
747,32,20185_5.0,20185_5.0,5,0.284645136,0.003920546,0.519224126,747,32
748,32,20187_1.0,20187_1.0,1,0.310136633,-0.00420256,0.489624755,748,32
749,32,10609-0.0,10609,,0.120071339,-0.00187051,0.758452978,749,32
750,32,20187_3.0,20187_3.0,3,0.725114373,-0.008002158,0.188315309,750,32
751,32,20187_4.0,20187_4.0,4,0.43722247,0.005505474,0.365407562,751,32
752,32,20187_5.0,20187_5.0,5,0.432016633,0.005455066,0.369814016,752,32
753,32,20246_0.0,20246_0.0,0,1.341555636,-0.012162428,0.045545384,753,32
754,32,20246_1.0,20246_1.0,1,0.849180956,-0.008942333,0.141520399,754,32
755,32,20187_2.0,20187_2.0,2,0.113386208,0.001776694,0.770218228,755,32
756,51,20518-0.0,20518,,1.626719761,0.013766066,0.023620019,756,51
757,51,20519-0.0,20519,,21.47540239,0.058886348,3.35E-22,757,51
758,51,20520-0.0,20520,,2.151183729,0.01638567,0.007060188,758,51
759,51,20521-0.0,20521,,1.281120911,0.011801758,0.052345468,759,51
760,51,20524-0.0,20524,,0.663881503,-0.007512055,0.216829564,760,51
761,51,20523-0.0,20523,,0.642122669,0.007333247,0.227969806,761,51
762,51,20525-0.0,20525,,1.254290546,0.011639001,0.055681311,762,51
763,51,20496-0.0,20496,,1.295132242,0.011886099,0.050683635,763,51
764,51,20494-0.0,20494,,2.250317966,0.016843085,0.005619298,764,51
765,51,20522-0.0,20522,,0.963438991,-0.009754532,0.108782994,765,51
766,51,20517-0.0,20517,,1.295260334,0.011886868,0.050668689,766,51
767,51,20498-0.0,20498,,2.858753411,0.019450019,0.001384352,767,51
768,51,20515-0.0,20515,,1.054430095,0.010369888,0.088220579,768,51
769,51,20514-0.0,20514,,12.64477621,0.044576838,2.27E-13,769,51
770,51,20513-0.0,20513,,2.917342094,0.019685366,0.001209645,770,51
771,51,20512-0.0,20512,,4.406661528,0.025008901,3.92E-05,771,51
772,51,20511-0.0,20511,,10.87823617,0.041138385,1.32E-11,772,51
773,51,20510-0.0,20510,,10.51849298,0.040403608,3.03E-11,773,51
774,51,20509-0.0,20509,,3.028812411,0.020126535,0.00093581,774,51
775,51,20508-0.0,20508,,6.092388185,0.030001289,8.08E-07,775,51
776,51,20507-0.0,20507,,10.97501348,0.041333905,1.06E-11,776,51
777,51,20506-0.0,20506,,4.192525991,0.024308084,6.42E-05,777,51
778,51,20505-0.0,20505,,3.239213094,0.02093709,0.000576484,778,51
779,51,20516-0.0,20516,,1.654337789,-0.013913726,0.022164718,779,51
780,51,4620-0.0,4620,,0.417154273,0.005309881,0.382688778,780,51
781,51,20459-0.0,20459,,26.45048808,0.06560617,3.54E-27,781,51
782,51,5386-0.0,5386,,0.483806416,0.005946781,0.328241572,782,51
783,51,20497-0.0,20497,,4.409519191,0.025018133,3.89E-05,783,51
784,51,20544-0.1,20544#6,6,6.358919286,0.030721544,4.38E-07,784,51
785,51,20544-0.1,20544#7,7,4.718259022,0.025997953,1.91E-05,785,51
786,51,20491-0.0,20491,,0.350478036,0.004633653,0.446192189,786,51
787,51,20490-0.0,20490,,1.890505216,0.015129357,0.012867518,787,51
788,51,20489-0.0,20489,,5.197775173,-0.02745616,6.34E-06,788,51
789,51,20488-0.0,20488,,1.198125703,0.011292775,0.063368627,789,51
790,51,20487-0.0,20487,,1.970146436,0.015521955,0.010711581,790,51
791,51,20485-0.0,20485,,5.592645873,0.028605435,2.55E-06,791,51
792,51,20482-0.0,20482,,0.124128287,0.001926956,0.751400904,792,51
793,51,20479-0.0,20479,,8.797708944,0.036694537,1.59E-09,793,51
794,51,20492-0.0,20492,,0.029610099,0.000503021,0.934092535,794,51
795,51,20473-0.0,20473,,0.046043058,-0.000768907,0.899408406,795,51
796,51,20460-0.0,20460,,19.91384989,-0.056615052,1.22E-20,796,51
797,51,20458-0.0,20458,,20.14934767,0.0569633,7.09E-21,797,51
798,51,20454-0.0,20454,,0.304418321,0.004139974,0.496114224,798,51
799,51,20453-0.0,20453,,11.99715082,0.043346925,1.01E-12,799,51
800,51,20442-0.0,20442,,2.718805946,0.018877659,0.001910707,800,51
801,51,20440-0.0,20440,,4.42492429,0.025067848,3.76E-05,801,51
802,51,20439-0.0,20439,,0.674323142,0.00759697,0.211678553,802,51
803,51,20438-0.0,20438,,1.864330877,0.014998521,0.013666872,803,51
804,51,20436-0.0,20436,,2.416894136,0.017589235,0.003829181,804,51
805,51,20418-0.0,20418,,0.347230757,0.004599602,0.449540933,805,51
806,51,20127-0.0,20127,,10.07379419,0.03947714,8.44E-11,806,51
807,51,20467-0.0,20467,,0.652340593,0.007417532,0.22266882,807,51
808,51,20539-0.0,20539,,1.763443763,0.014485412,0.017240753,808,51
809,51,20544-0.1,20544#3,3,0.156461679,0.002364408,0.697490539,809,51
810,51,20544-0.1,20544#1,1,1.425099925,0.012648245,0.037575094,810,51
811,51,4548-0.0,4548,,4.937164379,0.026672718,1.16E-05,811,51
812,51,4537-0.0,4537,,3.989990508,0.023628003,0.000102332,812,51
813,51,4526-0.0,4526,,8.183039177,0.035279649,6.56E-09,813,51
814,51,2110-0.0,2110,,2.510443865,-0.017996825,0.003087139,814,51
815,51,2080-0.0,2080,,40.41327307,0.081574314,3.86E-41,815,51
816,51,2070-0.0,2070,,12.1033657,0.043550945,7.88E-13,816,51
817,51,2060-0.0,2060,,28.58566628,0.068289349,2.60E-29,817,51
818,51,2050-0.0,2050,,22.7937293,0.060738645,1.61E-23,818,51
819,51,20554-0.1,20554#5,5,0.659451415,0.007475855,0.219052687,819,51
820,51,20554-0.1,20554#6,6,0.848277018,0.008935715,0.141815265,820,51
821,51,20554-0.1,20554#3,3,1.83059222,0.014828509,0.014770928,821,51
822,51,20550-0.1,20550#1,1,5.570648377,0.028542538,2.69E-06,822,51
823,51,20554-0.1,20554#4,4,1.064237888,0.010434703,0.086250597,823,51
824,51,20553-0.1,20553#2,2,0.111316729,-0.001747445,0.773897192,824,51
825,51,20553-0.1,20553#6,6,0.548868532,0.006536142,0.282573524,825,51
826,51,20553-0.1,20553#3,3,0.932396809,0.009538462,0.116843132,826,51
827,51,20553-0.1,20553#1,1,0.153493453,-0.002325129,0.702273931,827,51
828,51,20553-0.1,20553#5,5,0.005547106,9.68E-05,0.987308541,828,51
829,51,20553-0.1,20553#4,4,0.867758507,0.009077648,0.135594319,829,51
830,51,20551-0.1,20551#3,3,0.233107165,0.003324868,0.584645801,830,51
831,51,20551-0.1,20551#1,1,1.649771905,0.013889399,0.022398972,831,51
832,51,20551-0.1,20551#2,2,0.285263139,-0.003927476,0.518485794,832,51
833,51,20550-0.1,20550#3,3,0.702331317,0.007821984,0.198458033,833,51
834,51,20531_1.0,20531_1.0,1,1.788968702,0.014616589,0.016256659,834,51
835,51,20554-0.1,20554#1,1,0.1887824,0.00278152,0.647466944,835,51
836,51,20495-0.0,20495,,2.127255227,0.016273672,0.007460102,836,51
837,51,20549-0.1,20549#4,4,4.445691349,0.025134726,3.58E-05,837,51
838,51,20549-0.1,20549#3,3,4.745396982,0.026082472,1.80E-05,838,51
839,51,4581-0.0,4581,,6.284121996,0.03052102,5.20E-07,839,51
840,51,4559-0.0,4559,,6.043613906,0.029867731,9.04E-07,840,51
841,51,20548-0.1,20548#6,6,0.028172277,-0.000479329,0.937190165,841,51
842,51,20548-0.1,20548#5,5,0.166111561,0.002490943,0.682163438,842,51
843,51,20548-0.1,20548#9,9,0.161250335,-0.00242742,0.689842052,843,51
844,51,20548-0.1,20548#8,8,0.440065742,0.00553291,0.363023098,844,51
845,51,20548-0.1,20548#7,7,3.718446318,0.022687594,0.000191229,845,51
846,51,20548-0.1,20548#3,3,1.71520403,0.014234886,0.019266196,846,51
847,51,20548-0.1,20548#1,1,0.403416068,0.005173957,0.394988028,847,51
848,51,20548-0.1,20548#2,2,1.576386488,0.013493726,0.026522442,848,51
849,51,20547-0.1,20547#3,3,0.013055067,0.000225809,0.970386918,849,51
850,51,4570-0.0,4570,,3.180874796,0.020715127,0.000659364,850,51
851,51,20547-0.1,20547#1,1,7.718482283,0.034173437,1.91E-08,851,51
852,51,20546-0.1,20546#4,4,5.748189262,0.029046571,1.79E-06,852,51
853,51,20546-0.1,20546#3,3,10.34734825,0.040049491,4.49E-11,853,51
854,51,20544-0.1,20544#2,2,0.067560455,0.001104341,0.855932556,854,51
855,51,20544-0.1,20544#16,16,1.089240967,-0.010598676,0.081425237,855,51
856,51,20544-0.1,20544#13,13,0.277982227,0.003845519,0.527251438,856,51
857,51,20544-0.1,20544#18,18,1.500087277,0.013072564,0.031616422,857,51
858,51,20544-0.1,20544#12,12,0.584182623,-0.006844163,0.260505788,858,51
859,51,20544-0.1,20544#10,10,0.393438523,0.005074171,0.404167583,859,51
860,51,20544-0.1,20544#17,17,0.85661972,0.008996675,0.139117024,860,51
861,51,20544-0.1,20544#4,4,1.602502767,0.013635563,0.024974525,861,51
862,51,20434-0.0,20434,,0.109799837,-0.001725944,0.776604966,862,51
863,51,20546-0.1,20546#1,1,3.016724802,0.020079103,0.000962222,863,51
864,51,20536_0.0,20536_0.0,0,1.308001415,0.011963175,0.049203793,864,51
865,51,20480-0.0,20480,,0.6182737,0.007134276,0.240838714,865,51
866,51,20536_2.0,20536_2.0,2,0.135327171,0.002080917,0.732272676,866,51
867,51,6156-0.0,6156#14,14,0.125995262,0.001952811,0.748177663,867,51
868,51,6156-0.0,6156#13,13,0.055935443,-0.000924832,0.879153191,868,51
869,51,20450-0.0,20450,,0.743372741,0.008144768,0.180562375,869,51
870,51,6156-0.0,6156#11,11,0.277933501,-0.003844968,0.527310597,870,51
871,51,20456-0.0,20456,,0.402583799,-0.005165668,0.395745697,871,51
872,51,20466-0.0,20466,,0.052882094,-0.000877023,0.885355941,872,51
873,51,20544-0.1,20544#15,15,2.379174129,0.017422623,0.004176629,873,51
874,51,20544-0.1,20544#11,11,7.703387698,0.034136923,1.98E-08,874,51
875,51,20543-0.0,20543,,0.595366694,0.006940099,0.253882816,875,51
876,51,20542-0.0,20542,,0.779742242,0.008424308,0.166057218,876,51
877,51,20541-0.0,20541,,1.936562985,0.015357394,0.011572762,877,51
878,51,20540-0.0,20540,,0.706304039,0.007853582,0.19665091,878,51
879,51,20538-0.0,20538,,0.349440684,0.004622787,0.447259234,879,51
880,51,20535-0.0,20535,,9.617583435,-0.038504468,2.41E-10,880,51
881,51,20534-0.0,20534,,7.229521864,0.032971238,5.89E-08,881,51
882,51,20533-0.0,20533,,3.058823814,0.020243883,0.000873326,882,51
883,51,20532-0.0,20532,,0.430735833,-0.005442629,0.370906263,883,51
884,51,20502-0.0,20502,,6.751251411,0.031753895,1.77E-07,884,51
885,51,20501-0.0,20501,,0.015472604,0.000266908,0.965000184,885,51
886,51,20500-0.0,20500,,5.420557681,0.028109911,3.80E-06,886,51
887,51,20499-0.0,20499,,2.896418591,0.019601598,0.00126935,887,51
888,51,20493-0.0,20493,,0.112878431,0.001769526,0.771119294,888,51
889,51,20486-0.0,20486,,0.40229555,0.005162796,0.396008447,889,51
890,51,6156-0.0,6156#15,15,0.024449597,0.000417655,0.94525809,890,51
891,51,20401-0.0,20401,,4.879232386,0.026495678,1.32E-05,891,51
892,51,20417-0.0,20417,,0.95627016,0.009704922,0.11059356,892,51
893,51,20419-0.0,20419,,0.241728851,0.003427067,0.573153765,893,51
894,51,20549-0.1,20549#1,1,2.602009773,0.01838834,0.002500289,894,51
895,51,20433-0.0,20433,,1.323070288,-0.012052961,0.04752583,895,51
896,51,20420-0.0,20420,,0.152701891,-0.002314625,0.70355509,896,51
897,51,5375-0.0,5375,,0.102238498,0.001617958,0.790244536,897,51
898,51,4609-0.0,4609,,0.120383004,0.001874859,0.757908881,898,51
899,51,20544-0.1,20544#14,14,0.714829084,0.00792113,0.192828364,899,51
900,51,20537-0.0,20537,,1.561699629,0.013413451,0.02743471,900,51
901,51,20449-0.0,20449,,0.3245583,0.004358733,0.473632723,901,51
902,51,20448-0.0,20448,,0.725285447,0.008003501,0.188241144,902,51
903,51,20447-0.0,20447,,0.813720041,-0.008680269,0.153560656,903,51
904,51,20446-0.0,20446,,7.917961761,0.034652546,1.21E-08,904,51
905,51,20484-0.0,20484,,1.925367239,-0.015302215,0.011874977,905,51
906,51,20445-0.0,20445,,0.905249005,0.009346764,0.124380127,906,51
907,51,20437-0.0,20437,,0.088908494,0.001424207,0.814875961,907,51
908,51,20435-0.0,20435,,2.097789612,0.016134879,0.007983814,908,51
909,51,20431-0.0,20431,,1.725350576,0.01428787,0.018821292,909,51
910,51,20429-0.0,20429,,0.626413238,0.007202543,0.236366956,910,51
911,51,20428-0.0,20428,,1.596478473,0.013602947,0.025323372,911,51
912,51,20427-0.0,20427,,0.370672359,-0.004842985,0.425919614,912,51
913,51,20426-0.0,20426,,0.030049686,0.000510251,0.933147537,913,51
914,51,20425-0.0,20425,,5.296734093,0.027748308,5.05E-06,914,51
915,51,20423-0.0,20423,,0.627099352,0.00720828,0.23599383,915,51
916,51,20422-0.0,20422,,0.089882989,0.001438522,0.813049546,916,51
917,51,20421-0.0,20421,,5.798271786,0.029187292,1.59E-06,917,51
918,51,20441-0.0,20441,,6.038829993,0.029854601,9.14E-07,918,51
919,51,20483-0.0,20483,,0.083401991,-0.001342862,0.825273707,919,51
920,51,20481-0.0,20481,,0.434967676,-0.005483669,0.367309638,920,51
921,51,20477-0.0,20477,,0.342847356,-0.004553464,0.454101195,921,51
922,51,20530_2.0,20530_2.0,2,1.405054757,-0.012532976,0.039350046,922,51
923,51,6156-0.0,6156#12,12,0.7247204,0.007999063,0.188486218,923,51
924,51,20531_0.0,20531_0.0,0,5.10878363,-0.02719097,7.78E-06,924,51
925,51,20531_2.0,20531_2.0,2,1.055680013,0.010378164,0.087967042,925,51
926,51,4653-0.0,4653,,1.039467746,0.010270459,0.091312925,926,51
927,51,4642-0.0,4642,,1.573295345,0.013476861,0.026711892,927,51
928,51,4631-0.0,4631,,2.453858828,0.017751232,0.003516747,928,51
929,51,4598-0.0,4598,,0.914366796,0.009411438,0.12179605,929,51
930,51,2100-0.0,2100,,5.479799422,0.028281403,3.31E-06,930,51
931,51,2090-0.0,2090,,9.395879039,0.038023173,4.02E-10,931,51
932,51,2040-0.0,2040,,4.589570108,0.025593699,2.57E-05,932,51
933,51,20126_0.0,20126_0.0,0,1.312057856,-0.011987394,0.048746355,933,51
934,51,2030-0.0,2030,,1.233909523,0.011514242,0.058356667,934,51
935,51,2010-0.0,2010,,4.4681357,0.025206824,3.40E-05,935,51
936,51,2000-0.0,2000,,3.696275558,0.022609271,0.000201245,936,51
937,51,1990-0.0,1990,,4.054427677,0.023846267,8.82E-05,937,51
938,51,1980-0.0,1980,,1.29220999,-0.011868545,0.051025822,938,51
939,51,1970-0.0,1970,,1.385283119,0.012418491,0.041182896,939,51
940,51,1960-0.0,1960,,29.65399508,0.069593284,2.22E-30,940,51
941,51,1950-0.0,1950,,0.621049306,0.007157598,0.239304406,941,51
942,51,1940-0.0,1940,,24.13752713,0.062570963,7.29E-25,942,51
943,51,1930-0.0,1930,,23.28129087,0.061409703,5.23E-24,943,51
944,51,1920-0.0,1920,,14.58915295,0.04808595,2.58E-15,944,51
945,51,20536_3.0,20536_3.0,3,0.277466324,0.003839686,0.527878138,945,51
946,51,2020-0.0,2020,,11.60845313,0.042592249,2.46E-12,946,51
947,51,20536_1.0,20536_1.0,1,3.887352734,0.023276552,0.000129613,947,51
948,51,20126_1.0,20126_1.0,1,0.505796891,-0.006149327,0.312034856,948,51
949,51,20126_3.0,20126_3.0,3,3.758566943,0.02282872,0.000174354,949,51
950,51,20471-0.0,20471,,0.599950073,-0.006979198,0.251217522,950,51
951,51,20463-0.0,20463,,0.021038765,0.00036072,0.952711123,951,51
952,51,20544-0.1,20544#5,5,0.535663247,0.006418893,0.291297497,952,51
953,51,6156-0.0,6156#100,100,0.240636084,0.003414173,0.574597743,953,51
954,51,5674-0.0,5674,,0.476495962,-0.00587865,0.333813609,954,51
955,51,20530_1.0,20530_1.0,1,0.89336374,0.00926201,0.127831022,955,51
956,51,20530_0.0,20530_0.0,0,3.36198768,-0.021397598,0.000434523,956,51
957,51,20529_2.0,20529_2.0,2,0.032769914,-0.00055484,0.927320982,957,51
958,51,20529_1.0,20529_1.0,1,7.113884665,0.032680822,7.69E-08,958,51
959,51,20529_0.0,20529_0.0,0,9.736027421,-0.038759248,1.84E-10,959,51
960,51,20528_2.0,20528_2.0,2,0.168236835,0.002518576,0.678833341,960,51
961,51,20126_2.0,20126_2.0,2,0.152688949,-0.002314453,0.703576056,961,51
962,51,20528_1.0,20528_1.0,1,0.275089208,-0.003812767,0.530775407,962,51
963,51,20527_2.0,20527_2.0,2,0.934528667,-0.009553406,0.11627098,963,51
964,51,20527_1.0,20527_1.0,1,0.97490358,-0.009833514,0.105948892,964,51
965,51,20527_0.0,20527_0.0,0,1.787786573,-0.014610535,0.016300969,965,51
966,51,20526_2.0,20526_2.0,2,0.339738959,-0.004520622,0.457363014,966,51
967,51,20526_1.0,20526_1.0,1,2.864335764,0.019472549,0.001366672,967,51
968,51,20526_0.0,20526_0.0,0,5.070981158,-0.027077598,8.49E-06,968,51
969,51,20411_2.0,20411_2.0,2,0.334348624,0.004463426,0.463075044,969,51
970,51,20411_1.0,20411_1.0,1,0.808593124,0.008641958,0.155384207,970,51
971,51,20411_0.0,20411_0.0,0,3.26063862,-0.021018092,0.000548733,971,51
972,51,20126_5.0,20126_5.0,5,0.090003408,-0.001440289,0.812824137,972,51
973,51,20126_4.0,20126_4.0,4,0.409846828,0.005237792,0.389182382,973,51
974,51,20528_0.0,20528_0.0,0,2.000352369,-0.015668766,0.00999189,974,51
975,51,20455-0.0,20455,,3.510974679,0.021944948,0.000308337,975,51
